<?xml version="1.0" encoding="UTF-8"?>
<project-private xmlns="http://www.netbeans.org/ns/project-private/1">
    <editor-bookmarks xmlns="http://www.netbeans.org/ns/editor-bookmarks/2" lastBookmarkId="0"/>
    <open-files xmlns="http://www.netbeans.org/ns/projectui-open-files/2">
        <group>
            <file>file:/C:/Users/Oscar/Documents/NetBeansProjects/EnchulameCliente/xml-resources/web-service-references/UsuarioService/wsdl/DESKTOP-QGM1P88_20844/enchulameServer/UsuarioService.wsdl</file>
            <file>file:/C:/Users/Oscar/Documents/NetBeansProjects/EnchulameCliente/src/enchulamecliente/controller/Sign_upController.java</file>
        </group>
    </open-files>
</project-private>
