<?xml version='1.0' encoding='UTF-8'?><!-- Published by JAX-WS RI (http://jax-ws.java.net). RI's version is Metro/2.3.2-b608 (trunk-7979; 2015-01-21T12:50:19+0000) JAXWS-RI/2.2.11-b150120.1832 JAXWS-API/2.2.12 JAXB-RI/2.2.12-b141219.1637 JAXB-API/2.2.13-b141020.1521 svn-revision#unknown. --><!-- Generated by JAX-WS RI (http://jax-ws.java.net). RI's version is Metro/2.3.2-b608 (trunk-7979; 2015-01-21T12:50:19+0000) JAXWS-RI/2.2.11-b150120.1832 JAXWS-API/2.2.12 JAXB-RI/2.2.12-b141219.1637 JAXB-API/2.2.13-b141020.1521 svn-revision#unknown. --><definitions xmlns:wsu="http://docs.oasis-open.org/wss/2004/01/oasis-200401-wss-wssecurity-utility-1.0.xsd" xmlns:wsp="http://www.w3.org/ns/ws-policy" xmlns:wsp1_2="http://schemas.xmlsoap.org/ws/2004/09/policy" xmlns:wsam="http://www.w3.org/2007/05/addressing/metadata" xmlns:soap="http://schemas.xmlsoap.org/wsdl/soap/" xmlns:tns="http://usuario.enchulame.com/" xmlns:xsd="http://www.w3.org/2001/XMLSchema" xmlns="http://schemas.xmlsoap.org/wsdl/" targetNamespace="http://usuario.enchulame.com/" name="UsuarioService">
<import namespace="http://ws.enchulame.com/" location="UsuarioService.wsdl_1.xml"/>
<binding xmlns:ns1="http://ws.enchulame.com/" name="UsuarioWSBinding" type="ns1:UsuarioWS">
<soap:binding transport="http://schemas.xmlsoap.org/soap/http" style="document"/>
<operation name="crearUsuario">
<soap:operation soapAction=""/>
<input>
<soap:body use="literal"/>
</input>
<output>
<soap:body use="literal"/>
</output>
</operation>
<operation name="editarUsuario">
<soap:operation soapAction=""/>
<input>
<soap:body use="literal"/>
</input>
<output>
<soap:body use="literal"/>
</output>
</operation>
<operation name="eliminarUsuario">
<soap:operation soapAction=""/>
<input>
<soap:body use="literal"/>
</input>
<output>
<soap:body use="literal"/>
</output>
</operation>
<operation name="iniciarSesion">
<soap:operation soapAction=""/>
<input>
<soap:body use="literal"/>
</input>
<output>
<soap:body use="literal"/>
</output>
</operation>
<operation name="buscarArticulo">
<soap:operation soapAction=""/>
<input>
<soap:body use="literal"/>
</input>
<output>
<soap:body use="literal"/>
</output>
</operation>
</binding>
<service name="UsuarioService">
<port name="UsuarioWS" binding="tns:UsuarioWSBinding">
<soap:address location="http://DESKTOP-QGM1P88:20844/enchulameServer/UsuarioService"/>
</port>
</service>
</definitions>