<?xml version="1.0" encoding="UTF-8"?>
<project-private xmlns="http://www.netbeans.org/ns/project-private/1">
    <editor-bookmarks xmlns="http://www.netbeans.org/ns/editor-bookmarks/2" lastBookmarkId="0"/>
    <open-files xmlns="http://www.netbeans.org/ns/projectui-open-files/2">
        <group>
            <file>file:/C:/Users/Oscar/Desktop/enchulameServer/src/java/com/enchulame/revisor/Revisor.java</file>
            <file>file:/C:/Users/Oscar/Desktop/enchulameServer/src/java/com/enchulame/autor/Autor.java</file>
            <file>file:/C:/Users/Oscar/Desktop/enchulameServer/src/java/com/enchulame/main/Main.java</file>
            <file>file:/C:/Users/Oscar/Desktop/enchulameServer/src/java/com/enchulame/usuario/Usuario.java</file>
        </group>
    </open-files>
</project-private>
